restaurant_id,restaurant_name,cuisine_type,sido,sigungu,restaurant_rating,join_date,latitude,longitude
0000001,한상차림32,한식,서울,강남구,3.3,2023-07-17,37.486781,127.030789
0000002,홍콩반점87,중식,부산,부산진구,4.3,2023-07-02,35.153548,129.048878
0000003,우리집식당55,한식,울산,울주군,3.4,2023-06-25,35.517505,129.248126
0000004,맛있는김밥28,한식,부산,해운대구,3.8,2023-06-23,35.163322,129.159222
0000005,즉석분식4,분식,울산,남구,4.2,2023-06-27,35.54049,129.328761
0000006,중화루54,중식,울산,울주군,4.4,2023-06-21,35.533543,129.241653
0000007,갓덴스시36,일식,서울,서초구,3.2,2023-06-15,37.477597,127.042074
0000008,햄버거박스90,패스트푸드,서울,강남구,4.7,2023-07-09,37.507388,127.043409
0000009,서양밥상20,양식,광주,북구,3.6,2023-06-05,35.182325,126.899092
0000010,패스트델리14,패스트푸드,서울,서초구,4.7,2023-07-03,37.478985,127.033267
0000011,스시이로하46,일식,광주,동구,4.8,2023-06-20,35.148286,126.932418
0000012,김떡순6,분식,부산,동래구,4.7,2023-07-10,35.210645,129.083455
0000013,분식이최고야49,분식,서울,성동구,3.6,2023-06-24,37.558694,127.046971
0000014,김떡순81,분식,서울,강남구,3.0,2023-06-20,37.489466,127.022467
0000015,패스트델리74,패스트푸드,대전,대덕구,4.5,2023-07-06,36.378921,127.443177
0000016,달콤한하루6,디저트,부산,부산진구,4.8,2023-06-24,35.164516,129.05897
0000017,패스트델리11,패스트푸드,부산,부산진구,3.6,2023-06-28,35.157608,129.051143
0000018,치킨킹49,패스트푸드,인천,남동구,4.1,2023-07-02,37.431258,126.73738
0000019,하나초밥21,일식,서울,마포구,4.1,2023-06-09,37.57353,126.916356
0000020,파스타앤그릴86,양식,서울,마포구,3.4,2023-07-21,37.562295,126.898744
0000021,달콤한하루78,디저트,부산,동래구,4.8,2023-07-10,35.205918,129.063324
0000022,떡볶이공방21,분식,부산,부산진구,4.9,2023-06-03,35.148214,129.054903
0000023,하나초밥82,일식,인천,계양구,3.6,2023-07-16,37.541331,126.745466
0000024,짜장명가99,중식,대구,북구,4.8,2023-06-13,35.898802,128.615833
0000025,홍콩반점41,중식,서울,강남구,4.8,2023-06-10,37.494624,127.018984
0000026,로마키친28,양식,서울,성동구,4.7,2023-06-17,37.576037,127.03348
0000027,빙수연구소28,디저트,서울,송파구,4.4,2023-08-06,37.5014,127.135937
0000028,오사카식당19,일식,서울,성동구,4.0,2023-06-17,37.561687,127.040441
0000029,마라천국96,중식,서울,마포구,3.5,2023-06-12,37.563645,126.908126
0000030,김떡순96,분식,인천,서구,3.7,2023-05-29,37.541082,126.676058
0000031,갓덴스시52,일식,서울,송파구,5.0,2023-05-24,37.514153,127.094813
0000032,마라천국66,중식,부산,동래구,3.5,2023-06-10,35.202857,129.076308
0000033,맛있는김밥15,한식,서울,성동구,4.1,2023-07-09,37.577352,127.050323
0000034,케이크숲88,디저트,대전,서구,4.4,2023-07-12,36.355481,127.361029
0000035,분식이최고야50,분식,부산,남구,4.3,2023-06-17,35.120493,129.085186
0000036,학교앞분식68,분식,인천,계양구,3.3,2023-06-19,37.544605,126.734891
0000037,분식이최고야88,분식,서울,마포구,3.5,2023-06-25,37.582523,126.912364
0000038,스위트포레97,디저트,대전,중구,3.5,2023-07-17,36.338939,127.448992
0000039,패스트델리15,패스트푸드,울산,동구,3.4,2023-06-22,35.516205,129.425624
0000040,도쿄우동59,일식,서울,마포구,4.8,2023-07-10,37.569019,126.91137
0000041,빙수연구소65,디저트,대구,중구,4.2,2023-06-10,35.87333,128.618027
0000042,분식이최고야81,분식,서울,서초구,4.4,2023-06-10,37.485348,127.020431
0000043,버거하우스78,패스트푸드,울산,동구,3.7,2023-06-09,35.492899,129.423847
0000044,짜장명가98,중식,대구,수성구,3.2,2023-06-21,35.866721,128.649568
0000045,즉석분식1,분식,서울,서초구,4.3,2023-06-09,37.492387,127.030204
0000046,비스트로19873,양식,서울,송파구,4.7,2023-06-28,37.528144,127.11822
0000047,서양밥상31,양식,인천,연수구,4.9,2023-07-12,37.400091,126.683625
0000048,중화루11,중식,서울,강남구,4.9,2023-07-04,37.501172,127.032666
0000049,슈가하우스9,디저트,서울,강남구,3.8,2023-07-28,37.493375,127.03537
0000050,햄버거박스17,패스트푸드,서울,송파구,4.9,2023-06-18,37.516641,127.094043
0000051,떡볶이공방34,분식,광주,북구,3.5,2023-06-15,35.162623,126.925196
0000052,버거하우스55,패스트푸드,대구,북구,4.4,2023-07-31,35.912824,128.621362
0000053,떡볶이공방92,분식,부산,부산진구,3.5,2023-06-17,35.155731,129.036082
0000054,하나초밥57,일식,광주,남구,4.6,2023-06-21,35.13845,126.940927
0000055,스시이로하32,일식,서울,송파구,4.8,2023-07-10,37.508941,127.105223
0000056,한상차림3,한식,서울,서초구,3.1,2023-06-21,37.48525,127.024041
0000057,떡볶이공방76,분식,서울,송파구,3.1,2023-06-15,37.510372,127.112456
0000058,맛있는김밥91,한식,서울,서초구,4.5,2023-06-21,37.484243,127.021823
0000059,홍콩반점5,중식,울산,중구,3.4,2023-06-19,35.578704,129.328588
0000060,우리집식당31,한식,부산,동래구,5.0,2023-06-20,35.218634,129.091488
0000061,슈가하우스28,디저트,인천,부평구,3.9,2023-08-01,37.507528,126.716538
0000062,중화루74,중식,서울,송파구,3.8,2023-06-17,37.51955,127.115158
0000063,차이나하우스53,중식,광주,북구,3.2,2023-06-30,35.158612,126.907869
0000064,맛있는김밥85,한식,인천,남동구,4.2,2023-07-07,37.450773,126.747514
0000065,비스트로198753,양식,서울,성동구,3.2,2023-07-15,37.551464,127.03869
0000066,치킨킹87,패스트푸드,서울,성동구,3.9,2023-07-21,37.567738,127.044146
0000067,서울반상94,한식,대전,중구,3.9,2023-07-26,36.319807,127.434568
0000068,치킨킹32,패스트푸드,서울,마포구,3.1,2023-06-22,37.579231,126.921633
0000069,중화루58,중식,서울,서초구,4.1,2023-06-21,37.483618,127.040159
0000070,도쿄우동36,일식,부산,부산진구,4.6,2023-07-10,35.165841,129.062262
0000071,홍콩반점57,중식,부산,남구,4.6,2023-06-03,35.13827,129.08179
0000072,맛있는김밥84,한식,서울,송파구,3.1,2023-07-09,37.51731,127.100273
0000073,치킨킹12,패스트푸드,서울,송파구,3.5,2023-07-06,37.50325,127.119319
0000074,차이나하우스63,중식,인천,남동구,3.1,2023-06-17,37.452294,126.729161
0000075,차이나하우스8,중식,대전,유성구,4.5,2023-06-08,36.35391,127.351198
0000076,스시이로하50,일식,부산,부산진구,3.5,2023-06-18,35.156248,129.056828
0000077,감자월드37,패스트푸드,서울,마포구,4.5,2023-07-02,37.579329,126.904005
0000078,스위트포레85,디저트,서울,성동구,3.8,2023-06-14,37.56004,127.06894
0000079,마라천국38,중식,대구,동구,4.9,2023-06-26,35.889942,128.626899
0000080,우리집식당95,한식,부산,부산진구,3.4,2023-06-23,35.173635,129.074432
0000081,한상차림8,한식,대전,대덕구,4.1,2023-06-25,36.366109,127.434212
0000082,학교앞분식65,분식,인천,연수구,4.9,2023-07-25,37.428937,126.682846
0000083,홍콩반점66,중식,대전,대덕구,3.2,2023-06-10,36.364878,127.436737
0000084,햄버거박스9,패스트푸드,서울,강남구,3.3,2023-07-15,37.506762,127.025263
0000085,엄마의밥상52,한식,서울,송파구,4.9,2023-07-03,37.526044,127.101726
0000086,떡볶이공방75,분식,부산,해운대구,4.0,2023-07-11,35.176365,129.153956
0000087,우리집식당11,한식,부산,수영구,3.2,2023-06-24,35.154477,129.111701
0000088,스위트포레73,디저트,서울,성동구,4.5,2023-06-11,37.577737,127.017251
0000089,서양밥상27,양식,서울,송파구,4.2,2023-07-09,37.527211,127.114209
0000090,짜장명가51,중식,서울,마포구,4.1,2023-07-06,37.555331,126.907948
0000091,빙수연구소59,디저트,울산,남구,3.1,2023-07-19,35.545241,129.330526
0000092,치킨킹2,패스트푸드,인천,부평구,5.0,2023-06-18,37.501582,126.711729
0000093,즉석분식13,분식,부산,남구,4.2,2023-06-10,35.134891,129.094263
0000094,떡볶이공방65,분식,서울,강남구,3.5,2023-07-21,37.485809,127.043491
0000095,짜장명가9,중식,서울,마포구,3.6,2023-07-03,37.567218,126.927162
0000096,서양밥상21,양식,부산,부산진구,3.2,2023-07-17,35.155937,129.048964
0000097,버거하우스91,패스트푸드,광주,북구,3.8,2023-05-27,35.18152,126.926067
0000098,즉석분식2,분식,대구,달서구,3.8,2023-06-02,35.817083,128.534496
0000099,로마키친18,양식,대전,대덕구,4.9,2023-06-17,36.355969,127.447839
0000100,맛있는김밥96,한식,부산,동래구,4.1,2023-06-16,35.207187,129.078356
